EXPERIMENT,PAYOFF_FXN,TURBULENCE_FXN,STRATEGY_FXN,BELIEF_FXN,TURBULENCE,STRATEGY,LATENCY,MEMORY,MEAN_SCORE,MEAN_KNOWLEDGE,MEAN_OPINION,MEAN_PROBEXPLORE
1,<function betadist_payoff at 0x005A88A0>,<function randomshock at 0x005A89C0>,<function softmax_strategy at 0x005A8978>,<function belief_with_latency_and_memory at 0x005A8780>,0,0.02,0,500,273.406,0.6570209395225017,0.24448259897182198,5.570174410418816e-05
2,<function betadist_payoff at 0x005A88A0>,<function randomshock at 0x005A89C0>,<function softmax_strategy at 0x005A8978>,<function belief_with_latency_and_memory at 0x005A8780>,0,0.02,1,500,276.246,0.6708637617842247,0.25020237650063426,0.0006404297312299399
3,<function betadist_payoff at 0x005A88A0>,<function randomshock at 0x005A89C0>,<function softmax_strategy at 0x005A8978>,<function belief_with_latency_and_memory at 0x005A8780>,0,0.02,2,500,279.074,0.6701836440068497,0.2554800260515273,0.0019446153860659262
4,<function betadist_payoff at 0x005A88A0>,<function randomshock at 0x005A89C0>,<function softmax_strategy at 0x005A8978>,<function belief_with_latency_and_memory at 0x005A8780>,0,0.02,4,500,289.906,0.6825927067607347,0.2768231775731063,0.0012148578364369644
5,<function betadist_payoff at 0x005A88A0>,<function randomshock at 0x005A89C0>,<function softmax_strategy at 0x005A8978>,<function belief_with_latency_and_memory at 0x005A8780>,0,0.02,8,500,285.766,0.7239561429114503,0.31188177933998557,0.0031413311732870473
6,<function betadist_payoff at 0x005A88A0>,<function randomshock at 0x005A89C0>,<function softmax_strategy at 0x005A8978>,<function belief_with_latency_and_memory at 0x005A8780>,0,0.02,16,500,278.528,0.7886213459774036,0.3654155772042019,0.003588021052731741
7,<function betadist_payoff at 0x005A88A0>,<function randomshock at 0x005A89C0>,<function softmax_strategy at 0x005A8978>,<function belief_with_latency_and_memory at 0x005A8780>,0,0.25,0,500,287.59,0.683029365080392,0.25926012773653095,0.037667571756463666
8,<function betadist_payoff at 0x005A88A0>,<function randomshock at 0x005A89C0>,<function softmax_strategy at 0x005A8978>,<function belief_with_latency_and_memory at 0x005A8780>,0,0.25,1,500,289.746,0.6844089706215198,0.2633445841552686,0.04088941093482846
9,<function betadist_payoff at 0x005A88A0>,<function randomshock at 0x005A89C0>,<function softmax_strategy at 0x005A8978>,<function belief_with_latency_and_memory at 0x005A8780>,0,0.25,2,500,294.28,0.6788818539180704,0.2724781972129898,0.03738204881437918
10,<function betadist_payoff at 0x005A88A0>,<function randomshock at 0x005A89C0>,<function softmax_strategy at 0x005A8978>,<function belief_with_latency_and_memory at 0x005A8780>,0,0.25,4,500,291.31,0.6923254349660158,0.2838015796765307,0.04738956047812774
11,<function betadist_payoff at 0x005A88A0>,<function randomshock at 0x005A89C0>,<function softmax_strategy at 0x005A8978>,<function belief_with_latency_and_memory at 0x005A8780>,0,0.25,8,500,290.766,0.7426510570745273,0.3187577630578174,0.07984063109229601
12,<function betadist_payoff at 0x005A88A0>,<function randomshock at 0x005A89C0>,<function softmax_strategy at 0x005A8978>,<function belief_with_latency_and_memory at 0x005A8780>,0,0.25,16,500,277.206,0.7897642073347035,0.3631579521126032,0.10222958409928597
13,<function betadist_payoff at 0x005A88A0>,<function randomshock at 0x005A89C0>,<function softmax_strategy at 0x005A8978>,<function belief_with_latency_and_memory at 0x005A8780>,0,0.5,0,500,285.56,0.7212165817705544,0.3003439263528009,0.16128036322720765
14,<function betadist_payoff at 0x005A88A0>,<function randomshock at 0x005A89C0>,<function softmax_strategy at 0x005A8978>,<function belief_with_latency_and_memory at 0x005A8780>,0,0.5,1,500,290.98,0.728440976698764,0.30311036137872366,0.16535777650458436
15,<function betadist_payoff at 0x005A88A0>,<function randomshock at 0x005A89C0>,<function softmax_strategy at 0x005A8978>,<function belief_with_latency_and_memory at 0x005A8780>,0,0.5,2,500,287.174,0.7366412885201372,0.31313005080982687,0.17427808118962787
16,<function betadist_payoff at 0x005A88A0>,<function randomshock at 0x005A89C0>,<function softmax_strategy at 0x005A8978>,<function belief_with_latency_and_memory at 0x005A8780>,0,0.5,4,500,288.72,0.7408919502082697,0.32106037597308607,0.1803354521712299
17,<function betadist_payoff at 0x005A88A0>,<function randomshock at 0x005A89C0>,<function softmax_strategy at 0x005A8978>,<function belief_with_latency_and_memory at 0x005A8780>,0,0.5,8,500,279.442,0.7729687027343044,0.3474437934282843,0.198038558629356
18,<function betadist_payoff at 0x005A88A0>,<function randomshock at 0x005A89C0>,<function softmax_strategy at 0x005A8978>,<function belief_with_latency_and_memory at 0x005A8780>,0,0.5,16,500,272.944,0.8128737085960237,0.3888380031499907,0.22689289001954938
19,<function betadist_payoff at 0x005A88A0>,<function randomshock at 0x005A89C0>,<function softmax_strategy at 0x005A8978>,<function belief_with_latency_and_memory at 0x005A8780>,0,0.75,0,500,284.45,0.772993496101727,0.3732821630235813,0.30643237833670384
20,<function betadist_payoff at 0x005A88A0>,<function randomshock at 0x005A89C0>,<function softmax_strategy at 0x005A8978>,<function belief_with_latency_and_memory at 0x005A8780>,0,0.75,1,500,271.88,0.7886550806695822,0.3637963630733282,0.3125446796096372
21,<function betadist_payoff at 0x005A88A0>,<function randomshock at 0x005A89C0>,<function softmax_strategy at 0x005A8978>,<function belief_with_latency_and_memory at 0x005A8780>,0,0.75,2,500,274.692,0.7888913741689708,0.37227201389667763,0.31291091808313515
22,<function betadist_payoff at 0x005A88A0>,<function randomshock at 0x005A89C0>,<function softmax_strategy at 0x005A8978>,<function belief_with_latency_and_memory at 0x005A8780>,0,0.75,4,500,266.072,0.7919414853219651,0.3745310855329269,0.313664440862493
23,<function betadist_payoff at 0x005A88A0>,<function randomshock at 0x005A89C0>,<function softmax_strategy at 0x005A8978>,<function belief_with_latency_and_memory at 0x005A8780>,0,0.75,8,500,255.926,0.8088623296607895,0.38878776485039446,0.3501731359095493
24,<function betadist_payoff at 0x005A88A0>,<function randomshock at 0x005A89C0>,<function softmax_strategy at 0x005A8978>,<function belief_with_latency_and_memory at 0x005A8780>,0,0.75,16,500,249.666,0.8455789099843224,0.4070421017811317,0.3428662618952172
25,<function betadist_payoff at 0x005A88A0>,<function randomshock at 0x005A89C0>,<function softmax_strategy at 0x005A8978>,<function belief_with_latency_and_memory at 0x005A8780>,0,1,0,500,252.994,0.8310712258059973,0.4137360772879153,0.4315451230992009
26,<function betadist_payoff at 0x005A88A0>,<function randomshock at 0x005A89C0>,<function softmax_strategy at 0x005A8978>,<function belief_with_latency_and_memory at 0x005A8780>,0,1,1,500,252.924,0.8277658319500271,0.4126856274959936,0.4244909987157007
27,<function betadist_payoff at 0x005A88A0>,<function randomshock at 0x005A89C0>,<function softmax_strategy at 0x005A8978>,<function belief_with_latency_and_memory at 0x005A8780>,0,1,2,500,243.954,0.836530881906776,0.40849790077414505,0.43153068235354103
28,<function betadist_payoff at 0x005A88A0>,<function randomshock at 0x005A89C0>,<function softmax_strategy at 0x005A8978>,<function belief_with_latency_and_memory at 0x005A8780>,0,1,4,500,249.32,0.8331845172323582,0.4199365372037255,0.4284419160840211
29,<function betadist_payoff at 0x005A88A0>,<function randomshock at 0x005A89C0>,<function softmax_strategy at 0x005A8978>,<function belief_with_latency_and_memory at 0x005A8780>,0,1,8,500,240.636,0.8473894568060443,0.4236650041499694,0.44566803897124085
30,<function betadist_payoff at 0x005A88A0>,<function randomshock at 0x005A89C0>,<function softmax_strategy at 0x005A8978>,<function belief_with_latency_and_memory at 0x005A8780>,0,1,16,500,228.782,0.8785694434956004,0.42506560336617233,0.4496018675625674
31,<function betadist_payoff at 0x005A88A0>,<function randomshock at 0x005A89C0>,<function softmax_strategy at 0x005A8978>,<function belief_with_latency_and_memory at 0x005A8780>,0.005,0.02,0,500,192.58,0.4250025535770079,0.19963613866978777,0.0078089712649914616
32,<function betadist_payoff at 0x005A88A0>,<function randomshock at 0x005A89C0>,<function softmax_strategy at 0x005A8978>,<function belief_with_latency_and_memory at 0x005A8780>,0.005,0.02,1,500,197.95,0.41163950614329103,0.20446712172668077,0.006527846153521623
33,<function betadist_payoff at 0x005A88A0>,<function randomshock at 0x005A89C0>,<function softmax_strategy at 0x005A8978>,<function belief_with_latency_and_memory at 0x005A8780>,0.005,0.02,2,500,212.64,0.4187064169767002,0.21736470428278043,0.005824852133420305
34,<function betadist_payoff at 0x005A88A0>,<function randomshock at 0x005A89C0>,<function softmax_strategy at 0x005A8978>,<function belief_with_latency_and_memory at 0x005A8780>,0.005,0.02,4,500,204.15,0.40917205424863773,0.22186801958032804,0.009706084843407237
35,<function betadist_payoff at 0x005A88A0>,<function randomshock at 0x005A89C0>,<function softmax_strategy at 0x005A8978>,<function belief_with_latency_and_memory at 0x005A8780>,0.005,0.02,8,500,215.48,0.4023078185118352,0.2568598656290964,0.00910948475506111
36,<function betadist_payoff at 0x005A88A0>,<function randomshock at 0x005A89C0>,<function softmax_strategy at 0x005A8978>,<function belief_with_latency_and_memory at 0x005A8780>,0.005,0.02,16,500,201.842,0.4072375455373121,0.29306029809612144,0.013384811704806576
37,<function betadist_payoff at 0x005A88A0>,<function randomshock at 0x005A89C0>,<function softmax_strategy at 0x005A8978>,<function belief_with_latency_and_memory at 0x005A8780>,0.005,0.25,0,500,217.136,0.43824268640779557,0.21700359987888077,0.05752322026217291
38,<function betadist_payoff at 0x005A88A0>,<function randomshock at 0x005A89C0>,<function softmax_strategy at 0x005A8978>,<function belief_with_latency_and_memory at 0x005A8780>,0.005,0.25,1,500,217.47,0.43388637203244423,0.2235614358432844,0.07105233464082615
39,<function betadist_payoff at 0x005A88A0>,<function randomshock at 0x005A89C0>,<function softmax_strategy at 0x005A8978>,<function belief_with_latency_and_memory at 0x005A8780>,0.005,0.25,2,500,219.526,0.42687545824431894,0.22407716304758069,0.0699741675101826
40,<function betadist_payoff at 0x005A88A0>,<function randomshock at 0x005A89C0>,<function softmax_strategy at 0x005A8978>,<function belief_with_latency_and_memory at 0x005A8780>,0.005,0.25,4,500,214.824,0.4208402307752951,0.23670043911818914,0.07783730507771072
41,<function betadist_payoff at 0x005A88A0>,<function randomshock at 0x005A89C0>,<function softmax_strategy at 0x005A8978>,<function belief_with_latency_and_memory at 0x005A8780>,0.005,0.25,8,500,216.272,0.4135879232898335,0.25656127887929236,0.09438077128494503
42,<function betadist_payoff at 0x005A88A0>,<function randomshock at 0x005A89C0>,<function softmax_strategy at 0x005A8978>,<function belief_with_latency_and_memory at 0x005A8780>,0.005,0.25,16,500,207.01,0.41265418429806794,0.2985409698019676,0.1280379536141364
43,<function betadist_payoff at 0x005A88A0>,<function randomshock at 0x005A89C0>,<function softmax_strategy at 0x005A8978>,<function belief_with_latency_and_memory at 0x005A8780>,0.005,0.5,0,500,225.802,0.458959564928803,0.26742809265965256,0.1949624600489603
44,<function betadist_payoff at 0x005A88A0>,<function randomshock at 0x005A89C0>,<function softmax_strategy at 0x005A8978>,<function belief_with_latency_and_memory at 0x005A8780>,0.005,0.5,1,500,222.018,0.45591414380939055,0.26626632945818746,0.1951607436948906
45,<function betadist_payoff at 0x005A88A0>,<function randomshock at 0x005A89C0>,<function softmax_strategy at 0x005A8978>,<function belief_with_latency_and_memory at 0x005A8780>,0.005,0.5,2,500,220.588,0.4702236509880123,0.2616902897843495,0.20371990351549832
46,<function betadist_payoff at 0x005A88A0>,<function randomshock at 0x005A89C0>,<function softmax_strategy at 0x005A8978>,<function belief_with_latency_and_memory at 0x005A8780>,0.005,0.5,4,500,213.836,0.43536700409372964,0.26871652313154304,0.21386493082850572
47,<function betadist_payoff at 0x005A88A0>,<function randomshock at 0x005A89C0>,<function softmax_strategy at 0x005A8978>,<function belief_with_latency_and_memory at 0x005A8780>,0.005,0.5,8,500,213.932,0.4445121056409252,0.29406689742308867,0.2277140454320742
48,<function betadist_payoff at 0x005A88A0>,<function randomshock at 0x005A89C0>,<function softmax_strategy at 0x005A8978>,<function belief_with_latency_and_memory at 0x005A8780>,0.005,0.5,16,500,195.508,0.4263824302350653,0.3143803310492936,0.2422557435421144
49,<function betadist_payoff at 0x005A88A0>,<function randomshock at 0x005A89C0>,<function softmax_strategy at 0x005A8978>,<function belief_with_latency_and_memory at 0x005A8780>,0.005,0.75,0,500,218.738,0.4783493661318278,0.3160017364402708,0.33305869753363976
50,<function betadist_payoff at 0x005A88A0>,<function randomshock at 0x005A89C0>,<function softmax_strategy at 0x005A8978>,<function belief_with_latency_and_memory at 0x005A8780>,0.005,0.75,1,500,209.772,0.4617564063433835,0.3171082110763789,0.348596941045539
51,<function betadist_payoff at 0x005A88A0>,<function randomshock at 0x005A89C0>,<function softmax_strategy at 0x005A8978>,<function belief_with_latency_and_memory at 0x005A8780>,0.005,0.75,2,500,208.952,0.4896273830231899,0.31721924837851395,0.3508734772808094
52,<function betadist_payoff at 0x005A88A0>,<function randomshock at 0x005A89C0>,<function softmax_strategy at 0x005A8978>,<function belief_with_latency_and_memory at 0x005A8780>,0.005,0.75,4,500,202.906,0.4903701030331116,0.3175139292645806,0.34275721483411853
53,<function betadist_payoff at 0x005A88A0>,<function randomshock at 0x005A89C0>,<function softmax_strategy at 0x005A8978>,<function belief_with_latency_and_memory at 0x005A8780>,0.005,0.75,8,500,196.962,0.483554882153833,0.318938653644485,0.3640260493974533
54,<function betadist_payoff at 0x005A88A0>,<function randomshock at 0x005A89C0>,<function softmax_strategy at 0x005A8978>,<function belief_with_latency_and_memory at 0x005A8780>,0.005,0.75,16,500,176.962,0.4656507454387429,0.32642048114106986,0.38068185224873274
55,<function betadist_payoff at 0x005A88A0>,<function randomshock at 0x005A89C0>,<function softmax_strategy at 0x005A8978>,<function belief_with_latency_and_memory at 0x005A8780>,0.005,1,0,500,199.868,0.5199072066661723,0.35046665869984817,0.4483698121721854
56,<function betadist_payoff at 0x005A88A0>,<function randomshock at 0x005A89C0>,<function softmax_strategy at 0x005A8978>,<function belief_with_latency_and_memory at 0x005A8780>,0.005,1,1,500,192.924,0.5298982575914214,0.34901879531489005,0.46336482487837727
57,<function betadist_payoff at 0x005A88A0>,<function randomshock at 0x005A89C0>,<function softmax_strategy at 0x005A8978>,<function belief_with_latency_and_memory at 0x005A8780>,0.005,1,2,500,192.852,0.5311366481433636,0.3465775174210315,0.45839964128362776
58,<function betadist_payoff at 0x005A88A0>,<function randomshock at 0x005A89C0>,<function softmax_strategy at 0x005A8978>,<function belief_with_latency_and_memory at 0x005A8780>,0.005,1,4,500,188.602,0.5023963641703658,0.34406765616673274,0.45503203627905664
59,<function betadist_payoff at 0x005A88A0>,<function randomshock at 0x005A89C0>,<function softmax_strategy at 0x005A8978>,<function belief_with_latency_and_memory at 0x005A8780>,0.005,1,8,500,180.126,0.5221599999576321,0.3421505941521721,0.4771976816172592
60,<function betadist_payoff at 0x005A88A0>,<function randomshock at 0x005A89C0>,<function softmax_strategy at 0x005A8978>,<function belief_with_latency_and_memory at 0x005A8780>,0.005,1,16,500,166.23,0.49787321456282113,0.3420258349328445,0.48222406875748053
61,<function betadist_payoff at 0x005A88A0>,<function randomshock at 0x005A89C0>,<function softmax_strategy at 0x005A8978>,<function belief_with_latency_and_memory at 0x005A8780>,0.01,0.02,0,500,160.586,0.35539133138400403,0.1817108185472381,0.009473071552162319
62,<function betadist_payoff at 0x005A88A0>,<function randomshock at 0x005A89C0>,<function softmax_strategy at 0x005A8978>,<function belief_with_latency_and_memory at 0x005A8780>,0.01,0.02,1,500,161.54,0.34520831218449977,0.18250174536754435,0.01299324691674135
63,<function betadist_payoff at 0x005A88A0>,<function randomshock at 0x005A89C0>,<function softmax_strategy at 0x005A8978>,<function belief_with_latency_and_memory at 0x005A8780>,0.01,0.02,2,500,163.732,0.35329060500812054,0.18527761510992705,0.012789319796020894
64,<function betadist_payoff at 0x005A88A0>,<function randomshock at 0x005A89C0>,<function softmax_strategy at 0x005A8978>,<function belief_with_latency_and_memory at 0x005A8780>,0.01,0.02,4,500,156.324,0.3354212118878569,0.1866053625675784,0.019500752315509868
65,<function betadist_payoff at 0x005A88A0>,<function randomshock at 0x005A89C0>,<function softmax_strategy at 0x005A8978>,<function belief_with_latency_and_memory at 0x005A8780>,0.01,0.02,8,500,156.068,0.32522520782988956,0.21410622502371338,0.01914220150012427
66,<function betadist_payoff at 0x005A88A0>,<function randomshock at 0x005A89C0>,<function softmax_strategy at 0x005A8978>,<function belief_with_latency_and_memory at 0x005A8780>,0.01,0.02,16,500,151.058,0.3122700861589305,0.25031483950427863,0.015407827903366712
67,<function betadist_payoff at 0x005A88A0>,<function randomshock at 0x005A89C0>,<function softmax_strategy at 0x005A8978>,<function belief_with_latency_and_memory at 0x005A8780>,0.01,0.25,0,500,171.614,0.35408406858299113,0.19417670418904961,0.08096510690333904
68,<function betadist_payoff at 0x005A88A0>,<function randomshock at 0x005A89C0>,<function softmax_strategy at 0x005A8978>,<function belief_with_latency_and_memory at 0x005A8780>,0.01,0.25,1,500,174.842,0.36034699172310114,0.19563079115646492,0.08557355632280524
69,<function betadist_payoff at 0x005A88A0>,<function randomshock at 0x005A89C0>,<function softmax_strategy at 0x005A8978>,<function belief_with_latency_and_memory at 0x005A8780>,0.01,0.25,2,500,177.84,0.36429021029777087,0.19973771126974427,0.09075096081239489
70,<function betadist_payoff at 0x005A88A0>,<function randomshock at 0x005A89C0>,<function softmax_strategy at 0x005A8978>,<function belief_with_latency_and_memory at 0x005A8780>,0.01,0.25,4,500,172.032,0.3557682591856801,0.20270062400072092,0.09721479992366833
71,<function betadist_payoff at 0x005A88A0>,<function randomshock at 0x005A89C0>,<function softmax_strategy at 0x005A8978>,<function belief_with_latency_and_memory at 0x005A8780>,0.01,0.25,8,500,161.92,0.3366352742041713,0.21753691696524544,0.12276113598292822
72,<function betadist_payoff at 0x005A88A0>,<function randomshock at 0x005A89C0>,<function softmax_strategy at 0x005A8978>,<function belief_with_latency_and_memory at 0x005A8780>,0.01,0.25,16,500,151.67,0.29986246641111053,0.25112785604144217,0.15325156226517092
73,<function betadist_payoff at 0x005A88A0>,<function randomshock at 0x005A89C0>,<function softmax_strategy at 0x005A8978>,<function belief_with_latency_and_memory at 0x005A8780>,0.01,0.5,0,500,191.59,0.37501981889779057,0.24499589064342248,0.21065256371343943
74,<function betadist_payoff at 0x005A88A0>,<function randomshock at 0x005A89C0>,<function softmax_strategy at 0x005A8978>,<function belief_with_latency_and_memory at 0x005A8780>,0.01,0.5,1,500,185.284,0.3664489885079983,0.24195888013979908,0.20373022535844457
75,<function betadist_payoff at 0x005A88A0>,<function randomshock at 0x005A89C0>,<function softmax_strategy at 0x005A8978>,<function belief_with_latency_and_memory at 0x005A8780>,0.01,0.5,2,500,177.962,0.3703799175002047,0.23680432230992313,0.22929255669375534
76,<function betadist_payoff at 0x005A88A0>,<function randomshock at 0x005A89C0>,<function softmax_strategy at 0x005A8978>,<function belief_with_latency_and_memory at 0x005A8780>,0.01,0.5,4,500,179.146,0.3521457759788263,0.247743791265128,0.22746277261454526
77,<function betadist_payoff at 0x005A88A0>,<function randomshock at 0x005A89C0>,<function softmax_strategy at 0x005A8978>,<function belief_with_latency_and_memory at 0x005A8780>,0.01,0.5,8,500,161.974,0.3394296597617288,0.25259006508179177,0.26120019907271996
78,<function betadist_payoff at 0x005A88A0>,<function randomshock at 0x005A89C0>,<function softmax_strategy at 0x005A8978>,<function belief_with_latency_and_memory at 0x005A8780>,0.01,0.5,16,500,145.0,0.3151888399695845,0.2666862387535327,0.28252629625967934
79,<function betadist_payoff at 0x005A88A0>,<function randomshock at 0x005A89C0>,<function softmax_strategy at 0x005A8978>,<function belief_with_latency_and_memory at 0x005A8780>,0.01,0.75,0,500,179.032,0.39546561260764396,0.28919636462900267,0.35559622893039666
80,<function betadist_payoff at 0x005A88A0>,<function randomshock at 0x005A89C0>,<function softmax_strategy at 0x005A8978>,<function belief_with_latency_and_memory at 0x005A8780>,0.01,0.75,1,500,170.534,0.3853094324183431,0.2813716113436321,0.37248341808443397
81,<function betadist_payoff at 0x005A88A0>,<function randomshock at 0x005A89C0>,<function softmax_strategy at 0x005A8978>,<function belief_with_latency_and_memory at 0x005A8780>,0.01,0.75,2,500,175.13,0.37863599880312804,0.2874110069743382,0.35784285672380994
82,<function betadist_payoff at 0x005A88A0>,<function randomshock at 0x005A89C0>,<function softmax_strategy at 0x005A8978>,<function belief_with_latency_and_memory at 0x005A8780>,0.01,0.75,4,500,169.376,0.38830179577958474,0.2809249459090809,0.37754313189294847
83,<function betadist_payoff at 0x005A88A0>,<function randomshock at 0x005A89C0>,<function softmax_strategy at 0x005A8978>,<function belief_with_latency_and_memory at 0x005A8780>,0.01,0.75,8,500,157.124,0.3725901246027668,0.2838256968306742,0.384182448135363
84,<function betadist_payoff at 0x005A88A0>,<function randomshock at 0x005A89C0>,<function softmax_strategy at 0x005A8978>,<function belief_with_latency_and_memory at 0x005A8780>,0.01,0.75,16,500,137.166,0.34691886474266664,0.28270681796025104,0.41888163937169814
85,<function betadist_payoff at 0x005A88A0>,<function randomshock at 0x005A89C0>,<function softmax_strategy at 0x005A8978>,<function belief_with_latency_and_memory at 0x005A8780>,0.01,1,0,500,163.79,0.4039001677497206,0.31956940889192537,0.4819905232254925
86,<function betadist_payoff at 0x005A88A0>,<function randomshock at 0x005A89C0>,<function softmax_strategy at 0x005A8978>,<function belief_with_latency_and_memory at 0x005A8780>,0.01,1,1,500,158.588,0.4204206542287395,0.3065861174520959,0.4855098796677373
87,<function betadist_payoff at 0x005A88A0>,<function randomshock at 0x005A89C0>,<function softmax_strategy at 0x005A8978>,<function belief_with_latency_and_memory at 0x005A8780>,0.01,1,2,500,160.39,0.41283080669159505,0.3117573069050964,0.4976266073308436
88,<function betadist_payoff at 0x005A88A0>,<function randomshock at 0x005A89C0>,<function softmax_strategy at 0x005A8978>,<function belief_with_latency_and_memory at 0x005A8780>,0.01,1,4,500,152.144,0.4179640699284139,0.30390935701116656,0.4909101418643039
89,<function betadist_payoff at 0x005A88A0>,<function randomshock at 0x005A89C0>,<function softmax_strategy at 0x005A8978>,<function belief_with_latency_and_memory at 0x005A8780>,0.01,1,8,500,145.092,0.407599810756332,0.29975998608369053,0.5034708053629875
90,<function betadist_payoff at 0x005A88A0>,<function randomshock at 0x005A89C0>,<function softmax_strategy at 0x005A8978>,<function belief_with_latency_and_memory at 0x005A8780>,0.01,1,16,500,114.83,0.37910036237220385,0.2785424969914099,0.5271699649722956
91,<function betadist_payoff at 0x005A88A0>,<function randomshock at 0x005A89C0>,<function softmax_strategy at 0x005A8978>,<function belief_with_latency_and_memory at 0x005A8780>,0.02,0.02,0,500,109.34,0.3331634952875685,0.14509522805644365,0.01505935427453254
92,<function betadist_payoff at 0x005A88A0>,<function randomshock at 0x005A89C0>,<function softmax_strategy at 0x005A8978>,<function belief_with_latency_and_memory at 0x005A8780>,0.02,0.02,1,500,114.476,0.34552441812803847,0.14847727572213087,0.015176174015333142
93,<function betadist_payoff at 0x005A88A0>,<function randomshock at 0x005A89C0>,<function softmax_strategy at 0x005A8978>,<function belief_with_latency_and_memory at 0x005A8780>,0.02,0.02,2,500,118.616,0.3175344716820911,0.16043348388202885,0.014519367569823314
94,<function betadist_payoff at 0x005A88A0>,<function randomshock at 0x005A89C0>,<function softmax_strategy at 0x005A8978>,<function belief_with_latency_and_memory at 0x005A8780>,0.02,0.02,4,500,114.378,0.30186899656379956,0.1612358152465083,0.017105621631135458
95,<function betadist_payoff at 0x005A88A0>,<function randomshock at 0x005A89C0>,<function softmax_strategy at 0x005A8978>,<function belief_with_latency_and_memory at 0x005A8780>,0.02,0.02,8,500,108.402,0.2710031206544985,0.17272047743380406,0.018945915903875125
96,<function betadist_payoff at 0x005A88A0>,<function randomshock at 0x005A89C0>,<function softmax_strategy at 0x005A8978>,<function belief_with_latency_and_memory at 0x005A8780>,0.02,0.02,16,500,87.472,0.24243795471247856,0.19139513631288532,0.02127608004206992
97,<function betadist_payoff at 0x005A88A0>,<function randomshock at 0x005A89C0>,<function softmax_strategy at 0x005A8978>,<function belief_with_latency_and_memory at 0x005A8780>,0.02,0.25,0,500,134.884,0.31990768325675695,0.17219225991559517,0.10529265735518871
98,<function betadist_payoff at 0x005A88A0>,<function randomshock at 0x005A89C0>,<function softmax_strategy at 0x005A8978>,<function belief_with_latency_and_memory at 0x005A8780>,0.02,0.25,1,500,133.43,0.33803126284744456,0.1711074165902595,0.11878016233603604
99,<function betadist_payoff at 0x005A88A0>,<function randomshock at 0x005A89C0>,<function softmax_strategy at 0x005A8978>,<function belief_with_latency_and_memory at 0x005A8780>,0.02,0.25,2,500,125.35,0.33647874791432975,0.16808430792945964,0.12230688678274994
100,<function betadist_payoff at 0x005A88A0>,<function randomshock at 0x005A89C0>,<function softmax_strategy at 0x005A8978>,<function belief_with_latency_and_memory at 0x005A8780>,0.02,0.25,4,500,120.43,0.30233791006662764,0.17120819409281643,0.14199452401408583
101,<function betadist_payoff at 0x005A88A0>,<function randomshock at 0x005A89C0>,<function softmax_strategy at 0x005A8978>,<function belief_with_latency_and_memory at 0x005A8780>,0.02,0.25,8,500,110.516,0.2974396319901329,0.18018358292892722,0.1478622859444415
102,<function betadist_payoff at 0x005A88A0>,<function randomshock at 0x005A89C0>,<function softmax_strategy at 0x005A8978>,<function belief_with_latency_and_memory at 0x005A8780>,0.02,0.25,16,500,96.298,0.2583754885749851,0.19757523941821234,0.16893756775933555
103,<function betadist_payoff at 0x005A88A0>,<function randomshock at 0x005A89C0>,<function softmax_strategy at 0x005A8978>,<function belief_with_latency_and_memory at 0x005A8780>,0.02,0.5,0,500,140.478,0.3127766979648675,0.21518128586030247,0.26057760285746756
104,<function betadist_payoff at 0x005A88A0>,<function randomshock at 0x005A89C0>,<function softmax_strategy at 0x005A8978>,<function belief_with_latency_and_memory at 0x005A8780>,0.02,0.5,1,500,137.606,0.3252554383808715,0.21574099719362408,0.26262837889222895
105,<function betadist_payoff at 0x005A88A0>,<function randomshock at 0x005A89C0>,<function softmax_strategy at 0x005A8978>,<function belief_with_latency_and_memory at 0x005A8780>,0.02,0.5,2,500,134.384,0.3340410562107826,0.20936717289216947,0.26037710161760813
106,<function betadist_payoff at 0x005A88A0>,<function randomshock at 0x005A89C0>,<function softmax_strategy at 0x005A8978>,<function belief_with_latency_and_memory at 0x005A8780>,0.02,0.5,4,500,132.578,0.31153733195348315,0.21255101833550644,0.2825960363358207
107,<function betadist_payoff at 0x005A88A0>,<function randomshock at 0x005A89C0>,<function softmax_strategy at 0x005A8978>,<function belief_with_latency_and_memory at 0x005A8780>,0.02,0.5,8,500,117.35,0.3055886790886959,0.21321264349139127,0.29985544355988436
108,<function betadist_payoff at 0x005A88A0>,<function randomshock at 0x005A89C0>,<function softmax_strategy at 0x005A8978>,<function belief_with_latency_and_memory at 0x005A8780>,0.02,0.5,16,500,94.592,0.26500072449125134,0.21607543956758862,0.3308645247145372
109,<function betadist_payoff at 0x005A88A0>,<function randomshock at 0x005A89C0>,<function softmax_strategy at 0x005A8978>,<function belief_with_latency_and_memory at 0x005A8780>,0.02,0.75,0,500,134.398,0.32247056636999294,0.25307072095949484,0.41536484378911687
110,<function betadist_payoff at 0x005A88A0>,<function randomshock at 0x005A89C0>,<function softmax_strategy at 0x005A8978>,<function belief_with_latency_and_memory at 0x005A8780>,0.02,0.75,1,500,129.992,0.3333611093989262,0.24897408944743185,0.4196169183660967
111,<function betadist_payoff at 0x005A88A0>,<function randomshock at 0x005A89C0>,<function softmax_strategy at 0x005A8978>,<function belief_with_latency_and_memory at 0x005A8780>,0.02,0.75,2,500,118.84,0.34420429792280033,0.23893893961019114,0.43969385840688735
112,<function betadist_payoff at 0x005A88A0>,<function randomshock at 0x005A89C0>,<function softmax_strategy at 0x005A8978>,<function belief_with_latency_and_memory at 0x005A8780>,0.02,0.75,4,500,118.056,0.33622914223187444,0.23783176210473708,0.4340712564902688
113,<function betadist_payoff at 0x005A88A0>,<function randomshock at 0x005A89C0>,<function softmax_strategy at 0x005A8978>,<function belief_with_latency_and_memory at 0x005A8780>,0.02,0.75,8,500,110.586,0.3157048361472185,0.2392124465461599,0.434501082739687
114,<function betadist_payoff at 0x005A88A0>,<function randomshock at 0x005A89C0>,<function softmax_strategy at 0x005A8978>,<function belief_with_latency_and_memory at 0x005A8780>,0.02,0.75,16,500,84.476,0.2765825270614302,0.22332526765813782,0.47536901651652674
115,<function betadist_payoff at 0x005A88A0>,<function randomshock at 0x005A89C0>,<function softmax_strategy at 0x005A8978>,<function belief_with_latency_and_memory at 0x005A8780>,0.02,1,0,500,118.318,0.35897106192911976,0.26651479314612614,0.5410149045978081
116,<function betadist_payoff at 0x005A88A0>,<function randomshock at 0x005A89C0>,<function softmax_strategy at 0x005A8978>,<function belief_with_latency_and_memory at 0x005A8780>,0.02,1,1,500,116.124,0.3585953540505116,0.26222159771021053,0.5433368823822666
117,<function betadist_payoff at 0x005A88A0>,<function randomshock at 0x005A89C0>,<function softmax_strategy at 0x005A8978>,<function belief_with_latency_and_memory at 0x005A8780>,0.02,1,2,500,110.894,0.34896013653660923,0.25065137032869356,0.5419209187102163
118,<function betadist_payoff at 0x005A88A0>,<function randomshock at 0x005A89C0>,<function softmax_strategy at 0x005A8978>,<function belief_with_latency_and_memory at 0x005A8780>,0.02,1,4,500,108.52,0.3355896473224963,0.25239968244193905,0.5469336661457668
119,<function betadist_payoff at 0x005A88A0>,<function randomshock at 0x005A89C0>,<function softmax_strategy at 0x005A8978>,<function belief_with_latency_and_memory at 0x005A8780>,0.02,1,8,500,98.27,0.34511290368801,0.2369696685094896,0.5569869049981822
120,<function betadist_payoff at 0x005A88A0>,<function randomshock at 0x005A89C0>,<function softmax_strategy at 0x005A8978>,<function belief_with_latency_and_memory at 0x005A8780>,0.02,1,16,500,77.172,0.33924761978871515,0.22423924746578813,0.5711023095066029
121,<function betadist_payoff at 0x005A88A0>,<function randomshock at 0x005A89C0>,<function softmax_strategy at 0x005A8978>,<function belief_with_latency_and_memory at 0x005A8780>,0.04,0.02,0,500,79.462,0.3230086596419894,0.1229216584831281,0.017555407857470486
122,<function betadist_payoff at 0x005A88A0>,<function randomshock at 0x005A89C0>,<function softmax_strategy at 0x005A8978>,<function belief_with_latency_and_memory at 0x005A8780>,0.04,0.02,1,500,77.578,0.3276201561092509,0.12433504775407987,0.018538872964730373
123,<function betadist_payoff at 0x005A88A0>,<function randomshock at 0x005A89C0>,<function softmax_strategy at 0x005A8978>,<function belief_with_latency_and_memory at 0x005A8780>,0.04,0.02,2,500,77.994,0.33001149243262967,0.1270516813087083,0.014114949005478014
124,<function betadist_payoff at 0x005A88A0>,<function randomshock at 0x005A89C0>,<function softmax_strategy at 0x005A8978>,<function belief_with_latency_and_memory at 0x005A8780>,0.04,0.02,4,500,75.446,0.2923494837288848,0.13273533506115243,0.02108642800852115
125,<function betadist_payoff at 0x005A88A0>,<function randomshock at 0x005A89C0>,<function softmax_strategy at 0x005A8978>,<function belief_with_latency_and_memory at 0x005A8780>,0.04,0.02,8,500,65.182,0.2729011782809553,0.1398433797502535,0.02196625315691848
126,<function betadist_payoff at 0x005A88A0>,<function randomshock at 0x005A89C0>,<function softmax_strategy at 0x005A8978>,<function belief_with_latency_and_memory at 0x005A8780>,0.04,0.02,16,500,44.354,0.24228214024824818,0.15312726587032133,0.01852456347103866
127,<function betadist_payoff at 0x005A88A0>,<function randomshock at 0x005A89C0>,<function softmax_strategy at 0x005A8978>,<function belief_with_latency_and_memory at 0x005A8780>,0.04,0.25,0,500,95.708,0.3198822369558578,0.14693388094316112,0.1533669911503078
128,<function betadist_payoff at 0x005A88A0>,<function randomshock at 0x005A89C0>,<function softmax_strategy at 0x005A8978>,<function belief_with_latency_and_memory at 0x005A8780>,0.04,0.25,1,500,93.826,0.31477713758450804,0.14354142346257032,0.1582196103002125
129,<function betadist_payoff at 0x005A88A0>,<function randomshock at 0x005A89C0>,<function softmax_strategy at 0x005A8978>,<function belief_with_latency_and_memory at 0x005A8780>,0.04,0.25,2,500,86.12,0.3161960006569431,0.13896889108636087,0.16285345081379726
130,<function betadist_payoff at 0x005A88A0>,<function randomshock at 0x005A89C0>,<function softmax_strategy at 0x005A8978>,<function belief_with_latency_and_memory at 0x005A8780>,0.04,0.25,4,500,84.46,0.2899928689617135,0.1453940635987536,0.16032645025050787
131,<function betadist_payoff at 0x005A88A0>,<function randomshock at 0x005A89C0>,<function softmax_strategy at 0x005A8978>,<function belief_with_latency_and_memory at 0x005A8780>,0.04,0.25,8,500,70.98,0.27295080273558253,0.14844326451217435,0.18634293629950854
132,<function betadist_payoff at 0x005A88A0>,<function randomshock at 0x005A89C0>,<function softmax_strategy at 0x005A8978>,<function belief_with_latency_and_memory at 0x005A8780>,0.04,0.25,16,500,47.624,0.2453967050343157,0.15431603179868897,0.21233722431592073
133,<function betadist_payoff at 0x005A88A0>,<function randomshock at 0x005A89C0>,<function softmax_strategy at 0x005A8978>,<function belief_with_latency_and_memory at 0x005A8780>,0.04,0.5,0,500,98.476,0.29523453688370827,0.18864211352031457,0.329651179959929
134,<function betadist_payoff at 0x005A88A0>,<function randomshock at 0x005A89C0>,<function softmax_strategy at 0x005A8978>,<function belief_with_latency_and_memory at 0x005A8780>,0.04,0.5,1,500,95.226,0.3047171822474131,0.18271764594861162,0.3315507099904931
135,<function betadist_payoff at 0x005A88A0>,<function randomshock at 0x005A89C0>,<function softmax_strategy at 0x005A8978>,<function belief_with_latency_and_memory at 0x005A8780>,0.04,0.5,2,500,92.748,0.29959591573720007,0.18172698752206978,0.3338861113296035
136,<function betadist_payoff at 0x005A88A0>,<function randomshock at 0x005A89C0>,<function softmax_strategy at 0x005A8978>,<function belief_with_latency_and_memory at 0x005A8780>,0.04,0.5,4,500,82.55,0.29133924827609403,0.17783985428362584,0.35140566451951855
137,<function betadist_payoff at 0x005A88A0>,<function randomshock at 0x005A89C0>,<function softmax_strategy at 0x005A8978>,<function belief_with_latency_and_memory at 0x005A8780>,0.04,0.5,8,500,66.676,0.2894180425461881,0.1723707891693928,0.3709432517295599
138,<function betadist_payoff at 0x005A88A0>,<function randomshock at 0x005A89C0>,<function softmax_strategy at 0x005A8978>,<function belief_with_latency_and_memory at 0x005A8780>,0.04,0.5,16,500,48.736,0.2583507642929088,0.17189163997845602,0.4000096769215768
139,<function betadist_payoff at 0x005A88A0>,<function randomshock at 0x005A89C0>,<function softmax_strategy at 0x005A8978>,<function belief_with_latency_and_memory at 0x005A8780>,0.04,0.75,0,500,91.906,0.29547324722417284,0.21574606793927012,0.4869458718255955
140,<function betadist_payoff at 0x005A88A0>,<function randomshock at 0x005A89C0>,<function softmax_strategy at 0x005A8978>,<function belief_with_latency_and_memory at 0x005A8780>,0.04,0.75,1,500,88.622,0.31088895944170697,0.2110655774354544,0.4908301885860837
141,<function betadist_payoff at 0x005A88A0>,<function randomshock at 0x005A89C0>,<function softmax_strategy at 0x005A8978>,<function belief_with_latency_and_memory at 0x005A8780>,0.04,0.75,2,500,88.36,0.31210814976341944,0.20918270163760486,0.490858122080973
142,<function betadist_payoff at 0x005A88A0>,<function randomshock at 0x005A89C0>,<function softmax_strategy at 0x005A8978>,<function belief_with_latency_and_memory at 0x005A8780>,0.04,0.75,4,500,77.202,0.32221357463754446,0.2029445058710245,0.4962367525406235
143,<function betadist_payoff at 0x005A88A0>,<function randomshock at 0x005A89C0>,<function softmax_strategy at 0x005A8978>,<function belief_with_latency_and_memory at 0x005A8780>,0.04,0.75,8,500,62.328,0.29709547404905845,0.18794821278438326,0.5300517074350801
144,<function betadist_payoff at 0x005A88A0>,<function randomshock at 0x005A89C0>,<function softmax_strategy at 0x005A8978>,<function belief_with_latency_and_memory at 0x005A8780>,0.04,0.75,16,500,41.946,0.29897962003419926,0.17735013673471198,0.5481047384505053
145,<function betadist_payoff at 0x005A88A0>,<function randomshock at 0x005A89C0>,<function softmax_strategy at 0x005A8978>,<function belief_with_latency_and_memory at 0x005A8780>,0.04,1,0,500,76.914,0.3478392937982829,0.2093624753450361,0.6034171895125063
146,<function betadist_payoff at 0x005A88A0>,<function randomshock at 0x005A89C0>,<function softmax_strategy at 0x005A8978>,<function belief_with_latency_and_memory at 0x005A8780>,0.04,1,1,500,76.414,0.32961876088185094,0.2103933965379222,0.6099308319759998
147,<function betadist_payoff at 0x005A88A0>,<function randomshock at 0x005A89C0>,<function softmax_strategy at 0x005A8978>,<function belief_with_latency_and_memory at 0x005A8780>,0.04,1,2,500,72.012,0.349924019907091,0.20159949729316065,0.6070947240257734
148,<function betadist_payoff at 0x005A88A0>,<function randomshock at 0x005A89C0>,<function softmax_strategy at 0x005A8978>,<function belief_with_latency_and_memory at 0x005A8780>,0.04,1,4,500,63.688,0.3284468796369499,0.19495213806416645,0.6142754351634898
149,<function betadist_payoff at 0x005A88A0>,<function randomshock at 0x005A89C0>,<function softmax_strategy at 0x005A8978>,<function belief_with_latency_and_memory at 0x005A8780>,0.04,1,8,500,54.406,0.3269666854978005,0.18467321028559375,0.6322073280782389
150,<function betadist_payoff at 0x005A88A0>,<function randomshock at 0x005A89C0>,<function softmax_strategy at 0x005A8978>,<function belief_with_latency_and_memory at 0x005A8780>,0.04,1,16,500,34.26,0.3244870711203966,0.16826656699185977,0.6406823005951157
151,<function betadist_payoff at 0x005A88A0>,<function randomshock at 0x005A89C0>,<function softmax_strategy at 0x005A8978>,<function belief_with_latency_and_memory at 0x005A8780>,0.08,0.02,0,500,53.992,0.34374255327893655,0.1054633097397904,0.01786851392325094
152,<function betadist_payoff at 0x005A88A0>,<function randomshock at 0x005A89C0>,<function softmax_strategy at 0x005A8978>,<function belief_with_latency_and_memory at 0x005A8780>,0.08,0.02,1,500,50.366,0.33677895593596674,0.10306761952218646,0.017633282837991874
153,<function betadist_payoff at 0x005A88A0>,<function randomshock at 0x005A89C0>,<function softmax_strategy at 0x005A8978>,<function belief_with_latency_and_memory at 0x005A8780>,0.08,0.02,2,500,45.008,0.3263478788343717,0.10303133543940475,0.020428985637795948
154,<function betadist_payoff at 0x005A88A0>,<function randomshock at 0x005A89C0>,<function softmax_strategy at 0x005A8978>,<function belief_with_latency_and_memory at 0x005A8780>,0.08,0.02,4,500,43.658,0.30927581888212224,0.10925503111648022,0.020154570017582835
155,<function betadist_payoff at 0x005A88A0>,<function randomshock at 0x005A89C0>,<function softmax_strategy at 0x005A8978>,<function belief_with_latency_and_memory at 0x005A8780>,0.08,0.02,8,500,29.724,0.261080097298753,0.11136281842511093,0.023558019910544428
156,<function betadist_payoff at 0x005A88A0>,<function randomshock at 0x005A89C0>,<function softmax_strategy at 0x005A8978>,<function belief_with_latency_and_memory at 0x005A8780>,0.08,0.02,16,500,10.386,0.2319441560934779,0.12118789163485078,0.022665240438405822
157,<function betadist_payoff at 0x005A88A0>,<function randomshock at 0x005A89C0>,<function softmax_strategy at 0x005A8978>,<function belief_with_latency_and_memory at 0x005A8780>,0.08,0.25,0,500,65.94,0.3144477166383057,0.12747489145069013,0.1927406305174483
158,<function betadist_payoff at 0x005A88A0>,<function randomshock at 0x005A89C0>,<function softmax_strategy at 0x005A8978>,<function belief_with_latency_and_memory at 0x005A8780>,0.08,0.25,1,500,59.076,0.29141399853578726,0.12227161102023286,0.18874692707590168
159,<function betadist_payoff at 0x005A88A0>,<function randomshock at 0x005A89C0>,<function softmax_strategy at 0x005A8978>,<function belief_with_latency_and_memory at 0x005A8780>,0.08,0.25,2,500,56.044,0.29594226322789635,0.12024817327894391,0.19669559122925387
160,<function betadist_payoff at 0x005A88A0>,<function randomshock at 0x005A89C0>,<function softmax_strategy at 0x005A8978>,<function belief_with_latency_and_memory at 0x005A8780>,0.08,0.25,4,500,48.254,0.2990133813171856,0.11892227517581926,0.20777714714768303
161,<function betadist_payoff at 0x005A88A0>,<function randomshock at 0x005A89C0>,<function softmax_strategy at 0x005A8978>,<function belief_with_latency_and_memory at 0x005A8780>,0.08,0.25,8,500,34.582,0.26557075698205085,0.12504384917157374,0.22011087046043695
162,<function betadist_payoff at 0x005A88A0>,<function randomshock at 0x005A89C0>,<function softmax_strategy at 0x005A8978>,<function belief_with_latency_and_memory at 0x005A8780>,0.08,0.25,16,500,11.504,0.23263838153228716,0.12189597563208296,0.24506817481037596
163,<function betadist_payoff at 0x005A88A0>,<function randomshock at 0x005A89C0>,<function softmax_strategy at 0x005A8978>,<function belief_with_latency_and_memory at 0x005A8780>,0.08,0.5,0,500,65.502,0.28266412885635406,0.1617349984945757,0.39947660316216654
164,<function betadist_payoff at 0x005A88A0>,<function randomshock at 0x005A89C0>,<function softmax_strategy at 0x005A8978>,<function belief_with_latency_and_memory at 0x005A8780>,0.08,0.5,1,500,62.292,0.3077736471134172,0.16021074143874298,0.4056262965189919
165,<function betadist_payoff at 0x005A88A0>,<function randomshock at 0x005A89C0>,<function softmax_strategy at 0x005A8978>,<function belief_with_latency_and_memory at 0x005A8780>,0.08,0.5,2,500,55.406,0.29576172971348985,0.15386708944176336,0.406015331676083
166,<function betadist_payoff at 0x005A88A0>,<function randomshock at 0x005A89C0>,<function softmax_strategy at 0x005A8978>,<function belief_with_latency_and_memory at 0x005A8780>,0.08,0.5,4,500,46.526,0.26745026149637574,0.15089396854982118,0.4089020947909193
167,<function betadist_payoff at 0x005A88A0>,<function randomshock at 0x005A89C0>,<function softmax_strategy at 0x005A8978>,<function belief_with_latency_and_memory at 0x005A8780>,0.08,0.5,8,500,32.398,0.26597269181423394,0.14686102875756707,0.4315389398124365
168,<function betadist_payoff at 0x005A88A0>,<function randomshock at 0x005A89C0>,<function softmax_strategy at 0x005A8978>,<function belief_with_latency_and_memory at 0x005A8780>,0.08,0.5,16,500,16.022,0.26847920869294256,0.14197204722327722,0.4683270879500872
169,<function betadist_payoff at 0x005A88A0>,<function randomshock at 0x005A89C0>,<function softmax_strategy at 0x005A8978>,<function belief_with_latency_and_memory at 0x005A8780>,0.08,0.75,0,500,57.974,0.30009244803603097,0.18234019131334617,0.5550150793323224
170,<function betadist_payoff at 0x005A88A0>,<function randomshock at 0x005A89C0>,<function softmax_strategy at 0x005A8978>,<function belief_with_latency_and_memory at 0x005A8780>,0.08,0.75,1,500,54.172,0.30389609853871774,0.18019319435845188,0.5657562770882703
171,<function betadist_payoff at 0x005A88A0>,<function randomshock at 0x005A89C0>,<function softmax_strategy at 0x005A8978>,<function belief_with_latency_and_memory at 0x005A8780>,0.08,0.75,2,500,48.426,0.30324223590441024,0.1741526894433551,0.5586058123005304
172,<function betadist_payoff at 0x005A88A0>,<function randomshock at 0x005A89C0>,<function softmax_strategy at 0x005A8978>,<function belief_with_latency_and_memory at 0x005A8780>,0.08,0.75,4,500,40.62,0.28898640740449577,0.16838473318501868,0.5760498474779736
173,<function betadist_payoff at 0x005A88A0>,<function randomshock at 0x005A89C0>,<function softmax_strategy at 0x005A8978>,<function belief_with_latency_and_memory at 0x005A8780>,0.08,0.75,8,500,26.468,0.30171109096441373,0.15180399213612644,0.5869993116394563
174,<function betadist_payoff at 0x005A88A0>,<function randomshock at 0x005A89C0>,<function softmax_strategy at 0x005A8978>,<function belief_with_latency_and_memory at 0x005A8780>,0.08,0.75,16,500,11.836,0.30200082845396214,0.14193297681025654,0.6209870437236811
175,<function betadist_payoff at 0x005A88A0>,<function randomshock at 0x005A89C0>,<function softmax_strategy at 0x005A8978>,<function belief_with_latency_and_memory at 0x005A8780>,0.08,1,0,500,47.944,0.3440087788826426,0.17315223837046254,0.6722513897957448
176,<function betadist_payoff at 0x005A88A0>,<function randomshock at 0x005A89C0>,<function softmax_strategy at 0x005A8978>,<function belief_with_latency_and_memory at 0x005A8780>,0.08,1,1,500,45.314,0.34098697261519406,0.17011952531592678,0.6684980097167968
177,<function betadist_payoff at 0x005A88A0>,<function randomshock at 0x005A89C0>,<function softmax_strategy at 0x005A8978>,<function belief_with_latency_and_memory at 0x005A8780>,0.08,1,2,500,41.578,0.32730715891597645,0.16713200038394074,0.6714109639014726
178,<function betadist_payoff at 0x005A88A0>,<function randomshock at 0x005A89C0>,<function softmax_strategy at 0x005A8978>,<function belief_with_latency_and_memory at 0x005A8780>,0.08,1,4,500,33.566,0.3371768452097723,0.1576436565091705,0.6759172520375131
179,<function betadist_payoff at 0x005A88A0>,<function randomshock at 0x005A89C0>,<function softmax_strategy at 0x005A8978>,<function belief_with_latency_and_memory at 0x005A8780>,0.08,1,8,500,24.8,0.3284183644704183,0.14280474209194088,0.686932155137882
180,<function betadist_payoff at 0x005A88A0>,<function randomshock at 0x005A89C0>,<function softmax_strategy at 0x005A8978>,<function belief_with_latency_and_memory at 0x005A8780>,0.08,1,16,500,11.488,0.3234420557645628,0.13312333044905753,0.6955044987886826
181,<function betadist_payoff at 0x005A88A0>,<function randomshock at 0x005A89C0>,<function softmax_strategy at 0x005A8978>,<function belief_with_latency_and_memory at 0x005A8780>,0.16,0.02,0,500,34.04,0.32700005727261555,0.0894514784949793,0.015700047500276613
182,<function betadist_payoff at 0x005A88A0>,<function randomshock at 0x005A89C0>,<function softmax_strategy at 0x005A8978>,<function belief_with_latency_and_memory at 0x005A8780>,0.16,0.02,1,500,27.75,0.31722661490790244,0.08639043707024463,0.01798941411754226
183,<function betadist_payoff at 0x005A88A0>,<function randomshock at 0x005A89C0>,<function softmax_strategy at 0x005A8978>,<function belief_with_latency_and_memory at 0x005A8780>,0.16,0.02,2,500,25.802,0.3293445726826683,0.08704154344810397,0.021892549528344313
184,<function betadist_payoff at 0x005A88A0>,<function randomshock at 0x005A89C0>,<function softmax_strategy at 0x005A8978>,<function belief_with_latency_and_memory at 0x005A8780>,0.16,0.02,4,500,16.756,0.30100832857374993,0.08828549362345217,0.019330718126920315
185,<function betadist_payoff at 0x005A88A0>,<function randomshock at 0x005A89C0>,<function softmax_strategy at 0x005A8978>,<function belief_with_latency_and_memory at 0x005A8780>,0.16,0.02,8,500,9.926,0.2691912016464409,0.09404395424763205,0.019879771856382584
186,<function betadist_payoff at 0x005A88A0>,<function randomshock at 0x005A89C0>,<function softmax_strategy at 0x005A8978>,<function belief_with_latency_and_memory at 0x005A8780>,0.16,0.02,16,500,-4.454,0.2636188552050647,0.10253892507836213,0.023645448341969102
187,<function betadist_payoff at 0x005A88A0>,<function randomshock at 0x005A89C0>,<function softmax_strategy at 0x005A8978>,<function belief_with_latency_and_memory at 0x005A8780>,0.16,0.25,0,500,40.084,0.2988870384043745,0.10781973551702623,0.2409867691583208
188,<function betadist_payoff at 0x005A88A0>,<function randomshock at 0x005A89C0>,<function softmax_strategy at 0x005A8978>,<function belief_with_latency_and_memory at 0x005A8780>,0.16,0.25,1,500,34.262,0.3041433038435425,0.10166389907804062,0.23287208333853587
189,<function betadist_payoff at 0x005A88A0>,<function randomshock at 0x005A89C0>,<function softmax_strategy at 0x005A8978>,<function belief_with_latency_and_memory at 0x005A8780>,0.16,0.25,2,500,30.11,0.295544347384971,0.10112346897310551,0.23135749231174021
190,<function betadist_payoff at 0x005A88A0>,<function randomshock at 0x005A89C0>,<function softmax_strategy at 0x005A8978>,<function belief_with_latency_and_memory at 0x005A8780>,0.16,0.25,4,500,22.56,0.27699540212234003,0.1014289086240006,0.2484990442120206
191,<function betadist_payoff at 0x005A88A0>,<function randomshock at 0x005A89C0>,<function softmax_strategy at 0x005A8978>,<function belief_with_latency_and_memory at 0x005A8780>,0.16,0.25,8,500,12.448,0.25436648316956684,0.10494501080483756,0.26912399132716225
192,<function betadist_payoff at 0x005A88A0>,<function randomshock at 0x005A89C0>,<function softmax_strategy at 0x005A8978>,<function belief_with_latency_and_memory at 0x005A8780>,0.16,0.25,16,500,2.142,0.2544470352263845,0.1104458617726672,0.29827005007373564
193,<function betadist_payoff at 0x005A88A0>,<function randomshock at 0x005A89C0>,<function softmax_strategy at 0x005A8978>,<function belief_with_latency_and_memory at 0x005A8780>,0.16,0.5,0,500,39.24,0.2873918940305537,0.14421539638219258,0.4776592901192058
194,<function betadist_payoff at 0x005A88A0>,<function randomshock at 0x005A89C0>,<function softmax_strategy at 0x005A8978>,<function belief_with_latency_and_memory at 0x005A8780>,0.16,0.5,1,500,33.038,0.2870960834607798,0.1388068935183214,0.48129303911083765
195,<function betadist_payoff at 0x005A88A0>,<function randomshock at 0x005A89C0>,<function softmax_strategy at 0x005A8978>,<function belief_with_latency_and_memory at 0x005A8780>,0.16,0.5,2,500,30.508,0.2917820716359722,0.1385199809128888,0.47608633280878276
196,<function betadist_payoff at 0x005A88A0>,<function randomshock at 0x005A89C0>,<function softmax_strategy at 0x005A8978>,<function belief_with_latency_and_memory at 0x005A8780>,0.16,0.5,4,500,18.51,0.2668013495175609,0.13235323356083434,0.49255863203467953
197,<function betadist_payoff at 0x005A88A0>,<function randomshock at 0x005A89C0>,<function softmax_strategy at 0x005A8978>,<function belief_with_latency_and_memory at 0x005A8780>,0.16,0.5,8,500,11.194,0.26784271083687894,0.13243523274249236,0.49727593273167536
198,<function betadist_payoff at 0x005A88A0>,<function randomshock at 0x005A89C0>,<function softmax_strategy at 0x005A8978>,<function belief_with_latency_and_memory at 0x005A8780>,0.16,0.5,16,500,0.368,0.261762401684972,0.1257964782726198,0.5329169019859405
199,<function betadist_payoff at 0x005A88A0>,<function randomshock at 0x005A89C0>,<function softmax_strategy at 0x005A8978>,<function belief_with_latency_and_memory at 0x005A8780>,0.16,0.75,0,500,34.498,0.2929384629795881,0.15675204716171603,0.6289515152183448
200,<function betadist_payoff at 0x005A88A0>,<function randomshock at 0x005A89C0>,<function softmax_strategy at 0x005A8978>,<function belief_with_latency_and_memory at 0x005A8780>,0.16,0.75,1,500,29.212,0.3048641812261086,0.1518762155567381,0.6259870021886579
201,<function betadist_payoff at 0x005A88A0>,<function randomshock at 0x005A89C0>,<function softmax_strategy at 0x005A8978>,<function belief_with_latency_and_memory at 0x005A8780>,0.16,0.75,2,500,23.938,0.3213303772113145,0.1486433865069574,0.6348540779778601
202,<function betadist_payoff at 0x005A88A0>,<function randomshock at 0x005A89C0>,<function softmax_strategy at 0x005A8978>,<function belief_with_latency_and_memory at 0x005A8780>,0.16,0.75,4,500,17.154,0.31709333348564006,0.14168064781804565,0.6356883563977621
203,<function betadist_payoff at 0x005A88A0>,<function randomshock at 0x005A89C0>,<function softmax_strategy at 0x005A8978>,<function belief_with_latency_and_memory at 0x005A8780>,0.16,0.75,8,500,9.15,0.28630313733448387,0.136078630236738,0.64765642851141
204,<function betadist_payoff at 0x005A88A0>,<function randomshock at 0x005A89C0>,<function softmax_strategy at 0x005A8978>,<function belief_with_latency_and_memory at 0x005A8780>,0.16,0.75,16,500,3.106,0.3014066926792888,0.12458808403202755,0.6626506266158139
205,<function betadist_payoff at 0x005A88A0>,<function randomshock at 0x005A89C0>,<function softmax_strategy at 0x005A8978>,<function belief_with_latency_and_memory at 0x005A8780>,0.16,1,0,500,27.978,0.3366764586915288,0.14591173987251987,0.7142201468982429
206,<function betadist_payoff at 0x005A88A0>,<function randomshock at 0x005A89C0>,<function softmax_strategy at 0x005A8978>,<function belief_with_latency_and_memory at 0x005A8780>,0.16,1,1,500,22.094,0.34876315702316407,0.14073455286280767,0.7123286185810023
207,<function betadist_payoff at 0x005A88A0>,<function randomshock at 0x005A89C0>,<function softmax_strategy at 0x005A8978>,<function belief_with_latency_and_memory at 0x005A8780>,0.16,1,2,500,18.15,0.33787884594630146,0.13286133031099692,0.72325111692803
208,<function betadist_payoff at 0x005A88A0>,<function randomshock at 0x005A89C0>,<function softmax_strategy at 0x005A8978>,<function belief_with_latency_and_memory at 0x005A8780>,0.16,1,4,500,13.376,0.3448942611489476,0.12746270883159613,0.7202186545087481
209,<function betadist_payoff at 0x005A88A0>,<function randomshock at 0x005A89C0>,<function softmax_strategy at 0x005A8978>,<function belief_with_latency_and_memory at 0x005A8780>,0.16,1,8,500,7.07,0.3369112995229884,0.1168379747362931,0.7285386011384452
210,<function betadist_payoff at 0x005A88A0>,<function randomshock at 0x005A89C0>,<function softmax_strategy at 0x005A8978>,<function belief_with_latency_and_memory at 0x005A8780>,0.16,1,16,500,0.058,0.34669437804150566,0.11130280822292928,0.7288121247763344
211,<function betadist_payoff at 0x005A88A0>,<function randomshock at 0x005A89C0>,<function softmax_strategy at 0x005A8978>,<function belief_with_latency_and_memory at 0x005A8780>,0.32,0.02,0,500,17.166,0.33085884594236453,0.07672212389741818,0.014112640053840443
212,<function betadist_payoff at 0x005A88A0>,<function randomshock at 0x005A89C0>,<function softmax_strategy at 0x005A8978>,<function belief_with_latency_and_memory at 0x005A8780>,0.32,0.02,1,500,11.576,0.3101453750538793,0.0748211994086536,0.013513657240962047
213,<function betadist_payoff at 0x005A88A0>,<function randomshock at 0x005A89C0>,<function softmax_strategy at 0x005A8978>,<function belief_with_latency_and_memory at 0x005A8780>,0.32,0.02,2,500,10.238,0.30903881083623147,0.07646507974446116,0.019355677895110873
214,<function betadist_payoff at 0x005A88A0>,<function randomshock at 0x005A89C0>,<function softmax_strategy at 0x005A8978>,<function belief_with_latency_and_memory at 0x005A8780>,0.32,0.02,4,500,4.488,0.2886542832875572,0.0786045343131035,0.018237002686812036
215,<function betadist_payoff at 0x005A88A0>,<function randomshock at 0x005A89C0>,<function softmax_strategy at 0x005A8978>,<function belief_with_latency_and_memory at 0x005A8780>,0.32,0.02,8,500,-1.044,0.2601584288469822,0.0853318184313981,0.01893165498950098
216,<function betadist_payoff at 0x005A88A0>,<function randomshock at 0x005A89C0>,<function softmax_strategy at 0x005A8978>,<function belief_with_latency_and_memory at 0x005A8780>,0.32,0.02,16,500,-6.3,0.2789896203495128,0.09056472351833363,0.025638346537754587
217,<function betadist_payoff at 0x005A88A0>,<function randomshock at 0x005A89C0>,<function softmax_strategy at 0x005A8978>,<function belief_with_latency_and_memory at 0x005A8780>,0.32,0.25,0,500,25.404,0.31348731217123726,0.09321460599001201,0.2821158062453265
218,<function betadist_payoff at 0x005A88A0>,<function randomshock at 0x005A89C0>,<function softmax_strategy at 0x005A8978>,<function belief_with_latency_and_memory at 0x005A8780>,0.32,0.25,1,500,17.368,0.2961501495228707,0.09106241609979594,0.2748527754618769
219,<function betadist_payoff at 0x005A88A0>,<function randomshock at 0x005A89C0>,<function softmax_strategy at 0x005A8978>,<function belief_with_latency_and_memory at 0x005A8780>,0.32,0.25,2,500,13.518,0.29810424319875467,0.0896620626122853,0.27304566929744883
220,<function betadist_payoff at 0x005A88A0>,<function randomshock at 0x005A89C0>,<function softmax_strategy at 0x005A8978>,<function belief_with_latency_and_memory at 0x005A8780>,0.32,0.25,4,500,6.858,0.26390612534123953,0.08896670599334501,0.28866448429279623
221,<function betadist_payoff at 0x005A88A0>,<function randomshock at 0x005A89C0>,<function softmax_strategy at 0x005A8978>,<function belief_with_latency_and_memory at 0x005A8780>,0.32,0.25,8,500,0.726,0.2599732511044723,0.09607465253917119,0.3100160057635307
222,<function betadist_payoff at 0x005A88A0>,<function randomshock at 0x005A89C0>,<function softmax_strategy at 0x005A8978>,<function belief_with_latency_and_memory at 0x005A8780>,0.32,0.25,16,500,-2.608,0.2805191172246294,0.09868746606913764,0.34300738369147393
223,<function betadist_payoff at 0x005A88A0>,<function randomshock at 0x005A89C0>,<function softmax_strategy at 0x005A8978>,<function belief_with_latency_and_memory at 0x005A8780>,0.32,0.5,0,500,23.164,0.30407137170465004,0.13167841129130495,0.5234246224974256
224,<function betadist_payoff at 0x005A88A0>,<function randomshock at 0x005A89C0>,<function softmax_strategy at 0x005A8978>,<function belief_with_latency_and_memory at 0x005A8780>,0.32,0.5,1,500,15.806,0.283511157066459,0.12539232541637366,0.5260167121643983
225,<function betadist_payoff at 0x005A88A0>,<function randomshock at 0x005A89C0>,<function softmax_strategy at 0x005A8978>,<function belief_with_latency_and_memory at 0x005A8780>,0.32,0.5,2,500,11.122,0.27521459416942673,0.1228906387335845,0.5387303414215773
226,<function betadist_payoff at 0x005A88A0>,<function randomshock at 0x005A89C0>,<function softmax_strategy at 0x005A8978>,<function belief_with_latency_and_memory at 0x005A8780>,0.32,0.5,4,500,6.928,0.2774764363882851,0.12410986393658734,0.5464565226194641
227,<function betadist_payoff at 0x005A88A0>,<function randomshock at 0x005A89C0>,<function softmax_strategy at 0x005A8978>,<function belief_with_latency_and_memory at 0x005A8780>,0.32,0.5,8,500,0.458,0.2921077415563894,0.11965525922587582,0.5694748443495921
228,<function betadist_payoff at 0x005A88A0>,<function randomshock at 0x005A89C0>,<function softmax_strategy at 0x005A8978>,<function belief_with_latency_and_memory at 0x005A8780>,0.32,0.5,16,500,-2.124,0.27372909765598763,0.11379690529609643,0.591550844102682
229,<function betadist_payoff at 0x005A88A0>,<function randomshock at 0x005A89C0>,<function softmax_strategy at 0x005A8978>,<function belief_with_latency_and_memory at 0x005A8780>,0.32,0.75,0,500,17.452,0.2947363035528474,0.14173270978293862,0.6698981893632088
230,<function betadist_payoff at 0x005A88A0>,<function randomshock at 0x005A89C0>,<function softmax_strategy at 0x005A8978>,<function belief_with_latency_and_memory at 0x005A8780>,0.32,0.75,1,500,12.628,0.31303340181304073,0.1367962600761834,0.6738934665245775
231,<function betadist_payoff at 0x005A88A0>,<function randomshock at 0x005A89C0>,<function softmax_strategy at 0x005A8978>,<function belief_with_latency_and_memory at 0x005A8780>,0.32,0.75,2,500,8.732,0.30339874171963693,0.13223686822609215,0.6750157471081631
232,<function betadist_payoff at 0x005A88A0>,<function randomshock at 0x005A89C0>,<function softmax_strategy at 0x005A8978>,<function belief_with_latency_and_memory at 0x005A8780>,0.32,0.75,4,500,5.154,0.2979481092360641,0.12936277192492598,0.6794325170915883
233,<function betadist_payoff at 0x005A88A0>,<function randomshock at 0x005A89C0>,<function softmax_strategy at 0x005A8978>,<function belief_with_latency_and_memory at 0x005A8780>,0.32,0.75,8,500,1.174,0.31884610074118447,0.12254318848653561,0.6860643190696066
234,<function betadist_payoff at 0x005A88A0>,<function randomshock at 0x005A89C0>,<function softmax_strategy at 0x005A8978>,<function belief_with_latency_and_memory at 0x005A8780>,0.32,0.75,16,500,-0.462,0.32218109742538936,0.11051196573221102,0.6945223985242155
235,<function betadist_payoff at 0x005A88A0>,<function randomshock at 0x005A89C0>,<function softmax_strategy at 0x005A8978>,<function belief_with_latency_and_memory at 0x005A8780>,0.32,1,0,500,12.378,0.34932990832141386,0.12412924180268364,0.7425761860423543
236,<function betadist_payoff at 0x005A88A0>,<function randomshock at 0x005A89C0>,<function softmax_strategy at 0x005A8978>,<function belief_with_latency_and_memory at 0x005A8780>,0.32,1,1,500,10.558,0.34235501034286653,0.12162019572793425,0.7400534050174421
237,<function betadist_payoff at 0x005A88A0>,<function randomshock at 0x005A89C0>,<function softmax_strategy at 0x005A8978>,<function belief_with_latency_and_memory at 0x005A8780>,0.32,1,2,500,7.938,0.3348396228108974,0.12083342511851893,0.7448492281702853
238,<function betadist_payoff at 0x005A88A0>,<function randomshock at 0x005A89C0>,<function softmax_strategy at 0x005A8978>,<function belief_with_latency_and_memory at 0x005A8780>,0.32,1,4,500,3.942,0.34566407469641314,0.11016068439577094,0.7464905534537848
239,<function betadist_payoff at 0x005A88A0>,<function randomshock at 0x005A89C0>,<function softmax_strategy at 0x005A8978>,<function belief_with_latency_and_memory at 0x005A8780>,0.32,1,8,500,1.188,0.3451068559819058,0.10781278347883723,0.7482667896161884
240,<function betadist_payoff at 0x005A88A0>,<function randomshock at 0x005A89C0>,<function softmax_strategy at 0x005A8978>,<function belief_with_latency_and_memory at 0x005A8780>,0.32,1,16,500,-0.082,0.35052535224930403,0.09580847749549985,0.7535795070885695
